Time,Learning rate,Train loss,Validation loss,MAE_dft_e_hull_diff
7.438037157058716,0.001,0.09828404144942761,0.09152161745727062,0.09152161745727062
14.860056161880493,0.001,0.06218245843052864,0.042773633074015376,0.042773633074015376
22.29412007331848,0.001,0.05919763749465346,0.041198005918413404,0.041198005918413404
29.794437885284424,0.001,0.04785802001692355,0.037882663749158385,0.037882663749158385
37.08309555053711,0.001,0.04715597998164594,0.037337446117773655,0.037337446117773655
44.590516328811646,0.001,0.0449859187155962,0.03641265165619552,0.03641265165619552
