{"Ca8In4O24Sb4": 0.8284972720672048, "Cr4Ni4O24Sr8": 0.42252779841070404, "Ca8Mn4O24Sb4": 0.9374515793486669, "O24Pb8Sb4Sc4": 0.6313825302052407, "Cu4La8O24Rh4": 0.9356821086233416, "Mn4Ni4O24Tb8": 0.9501652629316754, "O24Sr8Ti4Zr4": 0.9412133115841502, "O24Ru4Sr8Y4": 0.7666817885076898, "Ga4La8O24Ru4": 0.813935598684117, "Cu4O24Pr8Sn4": 0.48682322629149766, "Ca8Mn4O24Ta4": 0.8652933823976048, "Cr4La8Ni4O24": 0.8289518783642962, "Ca8Cr4Nb4O24": 0.8611190768657655, "Hf4La8Mg4O24": 0.770855430343057, "Cu4La8O24Ru4": 0.7428411303581371, "Ba8Fe4O24Ta4": 0.8044859895664661, "Cu4O24Pr8Ti4": 0.8827698345074435, "La8Mn4O24Ru4": 0.907106231560611, "Cu4Mn4O24Sm8": 0.8951653354635837, "Ca8O24Ru4Ti4": 0.973709433616918, "Ba8Mn4O24Re4": 0.17112578578721868, "Cr4La8Mn4O24": 0.9675022809085698, "Mn4O24Sr8Ta4": 0.9395684508290347, "Ca8Fe4Mn4O24": 0.9738799127784175, "La4O24Sb4Sr8": 0.5563831401412486, "Ba8Ir4O24Sc4": 0.9098849979653905, "Co4O24Sr8Ta4": 0.8810531022857804, "Mn4O24Sr8Te4": 0.16316199762731362, "Mn4Ni4O24Pr8": 0.9259514533135726, "O24Sc4Sr8Ta4": 0.3760378756929246, "Ni4O24Pb8Re4": 0.421919460641537, "O24Rh4Sr8Ta4": 0.8804088447647833, "Mn4O24Sr8U4": 0.7674903750051218, "Mn4O24Pr8Ti4": 0.9681351959393137, "In4O24Sr8Ta4": 0.17756863563399528, "Ba8Ni4O24U4": 0.16320104494264892, "Ca8Cr4Mo4O24": 0.6406990851124782, "O24Sr8U4Zn4": 0.8842889085443645, "La8Mn4O24V4": 0.9567375712568617, "Mn4O24Pr8Rh4": 0.9538431700154903, "Fe4La8Ni4O24": 0.9638694540860586, "Ga4La8Ni4O24": 0.9960642535401972, "Ba8Mn4O24Ta4": 0.9620713359442058, "Ca8Cr4O24Ta4": 0.7368959269932888, "Mn4Ni4O24Sm8": 0.8552223677973703, "Cr4Fe4La8O24": 0.9629865668634123, "Ba8La4O24Ru4": 0.5684522853223104, "Ir4Mg4O24Sm8": 0.7889269611410302, "O24Sb4Sc4Sr8": 0.5460249189760014, "La8Ni4O24Pt4": 0.7370797939222693, "Ir4O24Sc4Sr8": 0.49773117660816496, "Ba8Ga4Nb4O24": 0.8997458287804446, "Fe4O24Sr8Ta4": 0.5417559840321687, "Mg4O24Re4Sr8": 0.16316216018707524, "Ca8Co4Fe4O24": 0.9758132270654306, "O24Ru4Sr8Ti4": 0.9880270103693509, "Ba8Nb4O24V4": 0.9529494841486957, "Mn4Nd8O24Rh4": 0.9810630253599415, "Ca8Nb4O24V4": 0.7271104980221745, "Ca8Ir4Mn4O24": 0.9339717655682467, "Mo4O24Sr8Zn4": 0.16321163365345692, "Al4Ca8Nb4O24": 0.8968844747962761, "Ba8Nb4O24Y4": 0.5352149280501877, "Cr4Mn4O24Pr8": 0.8878400860798042, "Ga4Mn4Nd8O24": 0.9925627159305078, "La8O24Ru4Zn4": 0.6684860372591572, "Ba8Ga4O24Ta4": 0.9143493592217534, "La8Mg4O24Sn4": 0.6826268801789855, "Ba8Co4Mo4O24": 0.2126494070060842, "Ca8O24Ta4Y4": 0.4032065964007144, "Mn4O24Rh4Sm8": 0.9734120194412831, "Nb4O24Sr8Y4": 0.6340376086231863, "Nb4O24Sc4Sr8": 0.3557369245249914, "Ca8Cr4Ni4O24": 0.6198366665486298, "Co4Nd8O24Pt4": 0.8122184367936555, "Co4Ni4O24Sr8": 0.9566608430211139, "Co4Lu8Mn4O24": 0.7489692288752807, "La8Ni4O24Ru4": 0.8643148763774187, "La8Mn4O24Ti4": 0.9185045949936546, "Ga4Nb4O24Sr8": 0.9210691686296656, "Ba8Ir4La4O24": 0.165679511641733, "Ca8Co4O24Ta4": 0.6332963206011216, "Cu4O24Os4Sr8": 0.31560277034616047, "Ba8Nb4O24Sc4": 0.48750514634808484, "Ga4O24Sr8Ta4": 0.867219389320008, "La8Mn4O24Zn4": 0.9663391962025007, "Ca8Mo4O24V4": 0.9548141486887209, "Cr4O24Ru4Sr8": 0.7212926416186588, "Fe4La8O24Rh4": 0.8449022166903427, "Ba8O24Sb4Tl4": 0.7011870395803667, "Cu4Nd8O24Sn4": 0.7714002391208098, "Ba8Bi4Ce4O24": 0.9689899888527629, "Ir4Mg4O24Pr8": 0.4847054416556097, "Ir4O24Sr8Zn4": 0.4855271487541456, "Ni4O24Sr8U4": 0.25527512325904744, "Ba8Fe4Nb4O24": 0.5334523099101478, "Ba8O24Re4Y4": 0.1649214395471458, "Mo4O24Sr8V4": 0.8803075586406257, "Ba8Fe4Mn4O24": 0.8876966947036424, "Ir4La8O24Zn4": 0.5846787256534219}