{"Ba8O24Re4Y4": 0.16359600206094482, "O24Pb8Sb4Sc4": 0.9975363514372781, "Fe4O24Sr8Ta4": 0.791885007494499, "La8Mg4O24Sn4": 0.8678943908989735, "Ba8Ga4Nb4O24": 0.6548340678036957, "Ga4La8O24Ru4": 0.9557549138633475, "Cu4O24Pr8Sn4": 0.619176508489359, "Al4Ca8Nb4O24": 0.940290239001066, "Ir4O24Sr8Zn4": 0.2294891344727592, "Ga4O24Sr8Ta4": 0.7765469400051127, "La8Ni4O24Pt4": 0.9231635439354203, "Ca8In4O24Sb4": 0.9064314754456835, "Fe4La8Ni4O24": 0.9734263632286029, "Ba8Nb4O24Y4": 0.7272302859659947, "Cu4La8O24Ru4": 0.9224078954910842, "O24Sr8U4Zn4": 0.6493417056588455, "Co4Ni4O24Sr8": 0.9907262487636668, "Ca8Cr4O24Ta4": 0.9500338366433273, "Ga4Mn4Nd8O24": 0.9946623531211374, "Mn4O24Pr8Ti4": 0.8285415054328297, "Ni4O24Pb8Re4": 0.2776278536556322, "Co4O24Sr8Ta4": 0.620656840585051, "Mn4O24Sr8Te4": 0.824707057779945, "Ca8Fe4Mn4O24": 0.9838430223332875, "Ca8Cr4Mo4O24": 0.6765611106658942, "La8Mn4O24Zn4": 0.9847050951789937, "Ba8Fe4Mn4O24": 0.9945977056022396, "Cu4Nd8O24Sn4": 0.6847996657140111, "O24Sr8Ti4Zr4": 0.9974775270629829, "Ba8Bi4Ce4O24": 0.9784441483319435, "Ir4Mg4O24Pr8": 0.23333335227138072, "La8Ni4O24Ru4": 0.9252496203238956, "La4O24Sb4Sr8": 0.965152147130085, "Mn4O24Sr8U4": 0.9591389981433621, "Fe4La8O24Rh4": 0.9584230095920182, "Ca8Mn4O24Ta4": 0.9526175251560581, "Co4Nd8O24Pt4": 0.9774677818740074, "Ca8Co4Fe4O24": 0.9985158884074097, "Mn4O24Rh4Sm8": 0.9851297994668825, "Ba8Mn4O24Re4": 0.16599421458336824, "Ca8Cr4Nb4O24": 0.9849432829250091, "Ba8Nb4O24V4": 0.9798734672509616, "Mn4Nd8O24Rh4": 0.9762889087038146, "Cr4Ni4O24Sr8": 0.9304809366089131, "Cr4Mn4O24Pr8": 0.9683222842938286, "Cr4La8Mn4O24": 0.8902388952072015, "Ba8Mn4O24Ta4": 0.7949144105272525, "Ba8O24Sb4Tl4": 0.9585279441564997, "Mg4O24Re4Sr8": 0.16315123128499714, "Ca8Cr4Ni4O24": 0.9186814109157966, "La8Mn4O24Ru4": 0.9769542836120482, "Mn4Ni4O24Tb8": 0.978158043770407, "Ba8Ir4O24Sc4": 0.8886610012494905, "Co4Lu8Mn4O24": 0.9988962737039466, "Ca8O24Ta4Y4": 0.8541440748216163, "Cu4La8O24Rh4": 0.9764149529911343, "Hf4La8Mg4O24": 0.6305569480996347, "Ga4La8Ni4O24": 0.982712243807084, "Ba8Co4Mo4O24": 0.19937697029080678, "Mo4O24Sr8Zn4": 0.16423621979678224, "Ca8Co4O24Ta4": 0.7028951543393108, "Mn4O24Pr8Rh4": 0.992891636471785, "Cr4O24Ru4Sr8": 0.9690229808628233, "Ca8Ir4Mn4O24": 0.8495965856048637, "Ba8Fe4O24Ta4": 0.7377577892268059, "Cr4La8Ni4O24": 0.9567748093238181, "Mn4Ni4O24Pr8": 0.9495676250382585, "Ba8Ga4O24Ta4": 0.4551096492901759, "Cu4O24Os4Sr8": 0.18525331221408514, "Ca8Nb4O24V4": 0.9686656758992485, "Cu4Mn4O24Sm8": 0.9883676242574695, "Ba8Fe4Nb4O24": 0.8168086459582727, "Mn4Ni4O24Sm8": 0.9558944969863574, "Nb4O24Sr8Y4": 0.5086321924170792, "Ga4Nb4O24Sr8": 0.8122637380321543, "Ca8Mo4O24V4": 0.8266941883911058, "Ir4Mg4O24Sm8": 0.25744434619390766, "Mo4O24Sr8V4": 0.7948756390201235, "In4O24Sr8Ta4": 0.38520658661456475, "Ba8Ir4La4O24": 0.9465070596609889, "La8Mn4O24Ti4": 0.9815647759927372, "Ca8Mn4O24Sb4": 0.9608746183623015, "Ba8La4O24Ru4": 0.9532229197221188, "O24Sc4Sr8Ta4": 0.38111250642122707, "Cr4Fe4La8O24": 0.9855344382096636, "O24Ru4Sr8Y4": 0.5994843231776673, "Ca8O24Ru4Ti4": 0.8789414231647824, "La8O24Ru4Zn4": 0.9220659185870407, "Nb4O24Sc4Sr8": 0.5351960299105454, "Cu4O24Pr8Ti4": 0.9656654408624358, "O24Rh4Sr8Ta4": 0.800467443220519, "Ir4La8O24Zn4": 0.7599083300226858, "Ba8Nb4O24Sc4": 0.853779184542007, "O24Ru4Sr8Ti4": 0.9311368136411029, "La8Mn4O24V4": 0.9387877791996269, "Ni4O24Sr8U4": 0.2228133788195548, "O24Sb4Sc4Sr8": 0.8579463851326273, "Ir4O24Sc4Sr8": 0.2059309360524901, "Ba8Ni4O24U4": 0.21511323795672985, "Mn4O24Sr8Ta4": 0.9674284676876413}