{"Ba8Mn4O24Ta4": 0.6929693177446531, "Ca8Co4Fe4O24": 0.9985723159706703, "Mn4O24Sr8U4": 0.9420974060802649, "Ga4Nb4O24Sr8": 0.8123823816634206, "Ba8O24Sb4Tl4": 0.9848637464241713, "Hf4La8Mg4O24": 0.6877768305215134, "Co4Ni4O24Sr8": 0.9960484323299952, "La8Mg4O24Sn4": 0.9582114183343396, "Mn4O24Pr8Ti4": 0.882703993653328, "Ga4La8Ni4O24": 0.9917955097674982, "O24Sc4Sr8Ta4": 0.34143663857351314, "Mn4Ni4O24Pr8": 0.9562546443579318, "O24Rh4Sr8Ta4": 0.6678597711432249, "La4O24Sb4Sr8": 0.9742703850816664, "In4O24Sr8Ta4": 0.39669419560460945, "O24Ru4Sr8Y4": 0.679041825409272, "Ir4O24Sr8Zn4": 0.2304771775175985, "Ca8Cr4O24Ta4": 0.976739260014658, "Ba8Fe4Nb4O24": 0.8799970319683453, "Cr4O24Ru4Sr8": 0.9815105199202936, "Mn4Ni4O24Sm8": 0.9568851653076167, "Mn4O24Rh4Sm8": 0.9814439426027214, "O24Ru4Sr8Ti4": 0.9623958890209459, "La8Mn4O24Ti4": 0.9947823039032022, "Ca8Cr4Nb4O24": 0.9732738430992744, "Ca8Nb4O24V4": 0.9828751973109195, "Cu4O24Os4Sr8": 0.25960824044937525, "Ba8O24Re4Y4": 0.1646611281155939, "Co4Nd8O24Pt4": 0.9884029763310066, "Ir4Mg4O24Sm8": 0.4526943537191735, "Ba8Nb4O24Y4": 0.7524232791392224, "Ca8Fe4Mn4O24": 0.9872821560026812, "La8Ni4O24Ru4": 0.9585531465878548, "O24Pb8Sb4Sc4": 0.9933650521240669, "Ba8Bi4Ce4O24": 0.9890779682721875, "La8O24Ru4Zn4": 0.9369790670669944, "Ca8O24Ru4Ti4": 0.9356818070499138, "Ca8O24Ta4Y4": 0.6510093542570354, "Cu4O24Pr8Sn4": 0.6394816592779798, "Mn4O24Sr8Te4": 0.7086152019400324, "Mn4O24Pr8Rh4": 0.9830193621346187, "Nb4O24Sc4Sr8": 0.4899116201805172, "Ni4O24Sr8U4": 0.24733647578923218, "Ba8Ni4O24U4": 0.308125041292524, "Ga4La8O24Ru4": 0.9715609578765461, "Co4Lu8Mn4O24": 0.9971673224105342, "Mo4O24Sr8V4": 0.8867194563446447, "Cu4Nd8O24Sn4": 0.7719543048648073, "Ca8Ir4Mn4O24": 0.9334780515430593, "Ba8Ir4La4O24": 0.9220165539959869, "Ir4La8O24Zn4": 0.7203676448198825, "Nb4O24Sr8Y4": 0.4497290013085091, "Cr4Ni4O24Sr8": 0.9426209993133305, "Ca8Mn4O24Ta4": 0.9370642738562189, "Cr4La8Ni4O24": 0.9510701719181374, "Cr4La8Mn4O24": 0.9023100390502049, "Ca8Mn4O24Sb4": 0.9754426390352633, "Ba8Ga4Nb4O24": 0.7957693739765447, "Ir4Mg4O24Pr8": 0.4874638274353956, "La8Mn4O24Ru4": 0.9597979409656255, "Cr4Mn4O24Pr8": 0.9935608609156997, "Ba8Ir4O24Sc4": 0.847253083804051, "O24Sr8Ti4Zr4": 0.9983121633974666, "Ba8Nb4O24Sc4": 0.8694601882038234, "Ba8Co4Mo4O24": 0.3293508022578235, "Ba8La4O24Ru4": 0.9710097022812261, "Ca8Co4O24Ta4": 0.5677837179900747, "Ga4O24Sr8Ta4": 0.8483573113911038, "La8Mn4O24Zn4": 0.9927906488544767, "Ca8In4O24Sb4": 0.93956574340846, "Ga4Mn4Nd8O24": 0.9976745543873727, "Ir4O24Sc4Sr8": 0.2719181875861139, "O24Sb4Sc4Sr8": 0.8937205995513732, "Cu4La8O24Rh4": 0.9950265126365605, "Mo4O24Sr8Zn4": 0.1666749522192466, "Al4Ca8Nb4O24": 0.9192247277879264, "Cu4O24Pr8Ti4": 0.9810554642587751, "O24Sr8U4Zn4": 0.7230423122917518, "Cu4Mn4O24Sm8": 0.9923971922111986, "Cr4Fe4La8O24": 0.9820148370647948, "Ba8Fe4O24Ta4": 0.7480198458015002, "Co4O24Sr8Ta4": 0.49754085313511826, "Ba8Nb4O24V4": 0.9816969201556033, "La8Mn4O24V4": 0.9619271088292158, "Fe4La8O24Rh4": 0.9388176480385108, "Mg4O24Re4Sr8": 0.16315144668327586, "Ni4O24Pb8Re4": 0.24895145701101185, "Ba8Fe4Mn4O24": 0.9930631406625785, "Mn4Ni4O24Tb8": 0.9662733668585947, "Cu4La8O24Ru4": 0.9732019176364051, "Ca8Cr4Mo4O24": 0.8460633566614565, "La8Ni4O24Pt4": 0.9250692083483346, "Fe4La8Ni4O24": 0.9777116125828962, "Ca8Mo4O24V4": 0.9342304604477077, "Ba8Ga4O24Ta4": 0.6277671397583422, "Ba8Mn4O24Re4": 0.17280820291419727, "Ca8Cr4Ni4O24": 0.9214853816589108, "Fe4O24Sr8Ta4": 0.6037908053505786, "Mn4O24Sr8Ta4": 0.9294919158493486, "Mn4Nd8O24Rh4": 0.9730298724312378}