{"Ba8Mn4O24Ta4": 0.8987734418207038, "Ca8Co4Fe4O24": 0.6651811028080202, "Mn4O24Sr8U4": 0.16454149576546412, "Ga4Nb4O24Sr8": 0.25292397920674586, "Ba8O24Sb4Tl4": 0.20356745180281707, "Hf4La8Mg4O24": 0.7404823458337167, "Co4Ni4O24Sr8": 0.7114334206331522, "La8Mg4O24Sn4": 0.5291775856114483, "Mn4O24Pr8Ti4": 0.2669194067533179, "Ga4La8Ni4O24": 0.8785940969602652, "O24Sc4Sr8Ta4": 0.18361510054558514, "Mn4Ni4O24Pr8": 0.7727954769099755, "O24Rh4Sr8Ta4": 0.23329125811036197, "La4O24Sb4Sr8": 0.16315300981405628, "In4O24Sr8Ta4": 0.18502168578188521, "O24Ru4Sr8Y4": 0.1684447336046092, "Ir4O24Sr8Zn4": 0.16333805922300504, "Ca8Cr4O24Ta4": 0.7662273810624787, "Ba8Fe4Nb4O24": 0.36756472255515654, "Cr4O24Ru4Sr8": 0.7460114063427243, "Mn4Ni4O24Sm8": 0.5353051594189, "Mn4O24Rh4Sm8": 0.6578339987305556, "O24Ru4Sr8Ti4": 0.893641515921385, "La8Mn4O24Ti4": 0.1744906778443209, "Ca8Cr4Nb4O24": 0.17613155312106935, "Ca8Nb4O24V4": 0.17409504708263343, "Cu4O24Os4Sr8": 0.21838906085419288, "Ba8O24Re4Y4": 0.1632067179017933, "Co4Nd8O24Pt4": 0.36286814027503694, "Ir4Mg4O24Sm8": 0.5351338442433612, "Ba8Nb4O24Y4": 0.16546950600456303, "Ca8Fe4Mn4O24": 0.7958768477706174, "La8Ni4O24Ru4": 0.7562459713526485, "O24Pb8Sb4Sc4": 0.1823130160191509, "Ba8Bi4Ce4O24": 0.943786390703159, "La8O24Ru4Zn4": 0.5188635377884374, "Ca8O24Ru4Ti4": 0.5642068955081656, "Ca8O24Ta4Y4": 0.1639222631549817, "Cu4O24Pr8Sn4": 0.49969858467413997, "Mn4O24Sr8Te4": 0.16315220731273414, "Mn4O24Pr8Rh4": 0.5865080899811213, "Nb4O24Sc4Sr8": 0.22539312912369666, "Ni4O24Sr8U4": 0.16342743486813194, "Ba8Ni4O24U4": 0.16315815719382898, "Ga4La8O24Ru4": 0.7581141119584095, "Co4Lu8Mn4O24": 0.5846835318231122, "Mo4O24Sr8V4": 0.9299159077478147, "Cu4Nd8O24Sn4": 0.816324537863173, "Ca8Ir4Mn4O24": 0.3985431148866628, "Ba8Ir4La4O24": 0.16315248832382293, "Ir4La8O24Zn4": 0.560548639424142, "Nb4O24Sr8Y4": 0.7264591748579877, "Cr4Ni4O24Sr8": 0.43794122495852966, "Ca8Mn4O24Ta4": 0.800800267681315, "Cr4La8Ni4O24": 0.8169688216826431, "Cr4La8Mn4O24": 0.9335366679539725, "Ca8Mn4O24Sb4": 0.561657699028236, "Ba8Ga4Nb4O24": 0.22198028759356359, "Ir4Mg4O24Pr8": 0.7520757520674459, "La8Mn4O24Ru4": 0.7497209907589113, "Cr4Mn4O24Pr8": 0.7291417190580822, "Ba8Ir4O24Sc4": 0.16318343628879392, "O24Sr8Ti4Zr4": 0.8760371511333854, "Ba8Nb4O24Sc4": 0.2156575585009413, "Ba8Co4Mo4O24": 0.1676048029416558, "Ba8La4O24Ru4": 0.1631523755905395, "Ca8Co4O24Ta4": 0.630888694253068, "Ga4O24Sr8Ta4": 0.18809482008085276, "La8Mn4O24Zn4": 0.7774076186860468, "Ca8In4O24Sb4": 0.48897652091884747, "Ga4Mn4Nd8O24": 0.8958792988827428, "Ir4O24Sc4Sr8": 0.16456497039554435, "O24Sb4Sc4Sr8": 0.16352300356365193, "Cu4La8O24Rh4": 0.5056850880497996, "Mo4O24Sr8Zn4": 0.16330197232074697, "Al4Ca8Nb4O24": 0.16880964153110276, "Cu4O24Pr8Ti4": 0.38558924487808166, "O24Sr8U4Zn4": 0.16331709648434245, "Cu4Mn4O24Sm8": 0.7929943387556242, "Cr4Fe4La8O24": 0.7554019060059391, "Ba8Fe4O24Ta4": 0.3852165661068216, "Co4O24Sr8Ta4": 0.9000795122478394, "Ba8Nb4O24V4": 0.3305826003049, "La8Mn4O24V4": 0.2583507798034158, "Fe4La8O24Rh4": 0.33799974415279066, "Mg4O24Re4Sr8": 0.16315133534168202, "Ni4O24Pb8Re4": 0.30206818743615343, "Ba8Fe4Mn4O24": 0.8945706549646736, "Mn4Ni4O24Tb8": 0.582118190347113, "Cu4La8O24Ru4": 0.5007038275069864, "Ca8Cr4Mo4O24": 0.3026474133570706, "La8Ni4O24Pt4": 0.16441024619291075, "Fe4La8Ni4O24": 0.9310613882974799, "Ca8Mo4O24V4": 0.8053353953533325, "Ba8Ga4O24Ta4": 0.20510302868572775, "Ba8Mn4O24Re4": 0.16315412686904313, "Ca8Cr4Ni4O24": 0.430198791359843, "Fe4O24Sr8Ta4": 0.2953145572671175, "Mn4O24Sr8Ta4": 0.9078836362130487, "Mn4Nd8O24Rh4": 0.53652819259719}