{"Ca8In4O24Sb4": 0.22175938215447136, "Cr4Ni4O24Sr8": 0.9153828094302565, "Ca8Mn4O24Sb4": 0.23133445677758874, "O24Pb8Sb4Sc4": 0.25475314005084804, "Cu4La8O24Rh4": 0.8685419546648493, "Mn4Ni4O24Tb8": 0.17732183459483153, "O24Sr8Ti4Zr4": 0.9037628250404363, "O24Ru4Sr8Y4": 0.163211360943833, "Ga4La8O24Ru4": 0.7721451526738637, "Cu4O24Pr8Sn4": 0.587935714351432, "Ca8Mn4O24Ta4": 0.1928497501563698, "Cr4La8Ni4O24": 0.9625114847630624, "Ca8Cr4Nb4O24": 0.19749087775612806, "Hf4La8Mg4O24": 0.16842897080202932, "Cu4La8O24Ru4": 0.4611120974165865, "Ba8Fe4O24Ta4": 0.3836936674771112, "Cu4O24Pr8Ti4": 0.7626873705984613, "La8Mn4O24Ru4": 0.5477998045395079, "Cu4Mn4O24Sm8": 0.9058663003972417, "Ca8O24Ru4Ti4": 0.5129935721762577, "Ba8Mn4O24Re4": 0.16318905449880755, "Cr4La8Mn4O24": 0.9779376387029084, "Mn4O24Sr8Ta4": 0.16934018339638518, "Ca8Fe4Mn4O24": 0.6683597885822774, "La4O24Sb4Sr8": 0.16354305181380738, "Ba8Ir4O24Sc4": 0.21513730155311458, "Co4O24Sr8Ta4": 0.16538931504158552, "Mn4O24Sr8Te4": 0.1632612092164615, "Mn4Ni4O24Pr8": 0.18823912484241542, "O24Sc4Sr8Ta4": 0.3694860247121087, "Ni4O24Pb8Re4": 0.16972992298106462, "O24Rh4Sr8Ta4": 0.16315474367974409, "Mn4O24Sr8U4": 0.5733022160678415, "Mn4O24Pr8Ti4": 0.3760381579607612, "In4O24Sr8Ta4": 0.1872341722055218, "Ba8Ni4O24U4": 0.4660944944133557, "Ca8Cr4Mo4O24": 0.1664325774036311, "O24Sr8U4Zn4": 0.3416103765277861, "La8Mn4O24V4": 0.9446948663152058, "Mn4O24Pr8Rh4": 0.622015811961403, "Fe4La8Ni4O24": 0.9578527530902678, "Ga4La8Ni4O24": 0.8795119532276261, "Ba8Mn4O24Ta4": 0.37502778310326335, "Ca8Cr4O24Ta4": 0.1655713474247963, "Mn4Ni4O24Sm8": 0.4560962460429449, "Cr4Fe4La8O24": 0.44642676423605204, "Ba8La4O24Ru4": 0.1646599289052268, "Ir4Mg4O24Sm8": 0.18608033869950888, "O24Sb4Sc4Sr8": 0.17039145412469642, "La8Ni4O24Pt4": 0.30922739215080625, "Ir4O24Sc4Sr8": 0.2155414626277649, "Ba8Ga4Nb4O24": 0.6815804164978281, "Fe4O24Sr8Ta4": 0.17219488015558965, "Mg4O24Re4Sr8": 0.1631527114100123, "Ca8Co4Fe4O24": 0.8891280597094287, "O24Ru4Sr8Ti4": 0.406266944894939, "Ba8Nb4O24V4": 0.8120904220896803, "Mn4Nd8O24Rh4": 0.8795608865480452, "Ca8Nb4O24V4": 0.5207894925575632, "Ca8Ir4Mn4O24": 0.6005583232291065, "Mo4O24Sr8Zn4": 0.16315128036337745, "Al4Ca8Nb4O24": 0.24255936360010905, "Ba8Nb4O24Y4": 0.727151812194761, "Cr4Mn4O24Pr8": 0.8221357722366693, "Ga4Mn4Nd8O24": 0.9665277930099015, "La8O24Ru4Zn4": 0.4244710809803909, "Ba8Ga4O24Ta4": 0.18204104921953454, "La8Mg4O24Sn4": 0.4840081597449036, "Ba8Co4Mo4O24": 0.16333388225060586, "Ca8O24Ta4Y4": 0.1646245783702618, "Mn4O24Rh4Sm8": 0.9542473666461188, "Nb4O24Sr8Y4": 0.4541493759765956, "Nb4O24Sc4Sr8": 0.6231801939569785, "Ca8Cr4Ni4O24": 0.4042899311988268, "Co4Nd8O24Pt4": 0.16405809399471052, "Co4Ni4O24Sr8": 0.6046212367407735, "Co4Lu8Mn4O24": 0.6901715356787499, "La8Ni4O24Ru4": 0.8386672960477902, "La8Mn4O24Ti4": 0.7938632470571524, "Ga4Nb4O24Sr8": 0.8450782331769933, "Ba8Ir4La4O24": 0.16317035907867963, "Ca8Co4O24Ta4": 0.16525400749671812, "Cu4O24Os4Sr8": 0.16315416475822714, "Ba8Nb4O24Sc4": 0.9892631555151814, "Ga4O24Sr8Ta4": 0.3999261872353044, "La8Mn4O24Zn4": 0.9248407721974653, "Ca8Mo4O24V4": 0.7133811047768847, "Cr4O24Ru4Sr8": 0.19805102972909255, "Fe4La8O24Rh4": 0.6931397654506597, "Ba8O24Sb4Tl4": 0.17211305716205672, "Cu4Nd8O24Sn4": 0.770385131306362, "Ba8Bi4Ce4O24": 0.6642592172947634, "Ir4Mg4O24Pr8": 0.17288395349795949, "Ir4O24Sr8Zn4": 0.16315147010636907, "Ni4O24Sr8U4": 0.7909709738486411, "Ba8Fe4Nb4O24": 0.7703244684234437, "Ba8O24Re4Y4": 0.16331920478115178, "Mo4O24Sr8V4": 0.17998402693423343, "Ba8Fe4Mn4O24": 0.926771069152589, "Ir4La8O24Zn4": 0.19726494156706187}