{"Ba8Mn4O24Ta4": 0.16469138004692874, "Ca8Co4Fe4O24": 0.9908343054462045, "Mn4O24Sr8U4": 0.6801646703090033, "Ga4Nb4O24Sr8": 0.3529277897417157, "Ba8O24Sb4Tl4": 0.1805679036762749, "Hf4La8Mg4O24": 0.16813355242692332, "Co4Ni4O24Sr8": 0.9674341558040664, "La8Mg4O24Sn4": 0.9845843332302748, "Mn4O24Pr8Ti4": 0.522262666749742, "Ga4La8Ni4O24": 0.8608034296044321, "O24Sc4Sr8Ta4": 0.17247675671753324, "Mn4Ni4O24Pr8": 0.21155668533755564, "O24Rh4Sr8Ta4": 0.6276688908832685, "La4O24Sb4Sr8": 0.16511547660165216, "In4O24Sr8Ta4": 0.16593560849460062, "O24Ru4Sr8Y4": 0.16624054476059297, "Ir4O24Sr8Zn4": 0.16317622715465482, "Ca8Cr4O24Ta4": 0.9057007863350287, "Ba8Fe4Nb4O24": 0.6046093524210138, "Cr4O24Ru4Sr8": 0.6373715742204531, "Mn4Ni4O24Sm8": 0.5720885009956652, "Mn4O24Rh4Sm8": 0.5585865942533423, "O24Ru4Sr8Ti4": 0.7046810184371796, "La8Mn4O24Ti4": 0.8880027740607379, "Ca8Cr4Nb4O24": 0.9351061459377489, "Ca8Nb4O24V4": 0.8860057342374289, "Cu4O24Os4Sr8": 0.16320642174683414, "Ba8O24Re4Y4": 0.16407531380177068, "Co4Nd8O24Pt4": 0.18026633066053008, "Ir4Mg4O24Sm8": 0.23849066617546488, "Ba8Nb4O24Y4": 0.2757684713740911, "Ca8Fe4Mn4O24": 0.9988969608499407, "La8Ni4O24Ru4": 0.9083922766650109, "O24Pb8Sb4Sc4": 0.4549051543073896, "Ba8Bi4Ce4O24": 0.25416282747323915, "La8O24Ru4Zn4": 0.17516422300624843, "Ca8O24Ru4Ti4": 0.45847754917353606, "Ca8O24Ta4Y4": 0.16476184531107665, "Cu4O24Pr8Sn4": 0.5035860820601178, "Mn4O24Sr8Te4": 0.16316327414438642, "Mn4O24Pr8Rh4": 0.5067853337554307, "Nb4O24Sc4Sr8": 0.3208488542941673, "Ni4O24Sr8U4": 0.1637486945648951, "Ba8Ni4O24U4": 0.17173740535465912, "Ga4La8O24Ru4": 0.294379719514238, "Co4Lu8Mn4O24": 0.9675396281577606, "Mo4O24Sr8V4": 0.18532095186927783, "Cu4Nd8O24Sn4": 0.5020939229240874, "Ca8Ir4Mn4O24": 0.563349999367973, "Ba8Ir4La4O24": 0.16426096003875615, "Ir4La8O24Zn4": 0.21632362879334302, "Nb4O24Sr8Y4": 0.18522802822988851, "Cr4Ni4O24Sr8": 0.8945881195388664, "Ca8Mn4O24Ta4": 0.19930215421969277, "Cr4La8Ni4O24": 0.9301789245021923, "Cr4La8Mn4O24": 0.8275254912945419, "Ca8Mn4O24Sb4": 0.19727181204253566, "Ba8Ga4Nb4O24": 0.8160827910644115, "Ir4Mg4O24Pr8": 0.2252575098396641, "La8Mn4O24Ru4": 0.6364303592076822, "Cr4Mn4O24Pr8": 0.9590523022011959, "Ba8Ir4O24Sc4": 0.29707496039513265, "O24Sr8Ti4Zr4": 0.9680321587814885, "Ba8Nb4O24Sc4": 0.4618638873268405, "Ba8Co4Mo4O24": 0.16330531925710345, "Ba8La4O24Ru4": 0.18536586549049955, "Ca8Co4O24Ta4": 0.1632096940628725, "Ga4O24Sr8Ta4": 0.257876190526095, "La8Mn4O24Zn4": 0.9840459905725578, "Ca8In4O24Sb4": 0.24257768955676462, "Ga4Mn4Nd8O24": 0.8147899113185059, "Ir4O24Sc4Sr8": 0.21178454297432214, "O24Sb4Sc4Sr8": 0.17867334326730433, "Cu4La8O24Rh4": 0.9908040379941816, "Mo4O24Sr8Zn4": 0.16316928868293668, "Al4Ca8Nb4O24": 0.3381290236189435, "Cu4O24Pr8Ti4": 0.6727372374769695, "O24Sr8U4Zn4": 0.34275962875511395, "Cu4Mn4O24Sm8": 0.7220368703822524, "Cr4Fe4La8O24": 0.2503357165841507, "Ba8Fe4O24Ta4": 0.16394594253549458, "Co4O24Sr8Ta4": 0.1635620400844807, "Ba8Nb4O24V4": 0.8209487319937024, "La8Mn4O24V4": 0.8224236911699292, "Fe4La8O24Rh4": 0.6952708341682824, "Mg4O24Re4Sr8": 0.16315122041029811, "Ni4O24Pb8Re4": 0.47002746541483253, "Ba8Fe4Mn4O24": 0.9664865775259036, "Mn4Ni4O24Tb8": 0.2822814549063306, "Cu4La8O24Ru4": 0.4763110794109205, "Ca8Cr4Mo4O24": 0.16679842582777296, "La8Ni4O24Pt4": 0.2107416714723232, "Fe4La8Ni4O24": 0.6475725856009956, "Ca8Mo4O24V4": 0.18121147594727577, "Ba8Ga4O24Ta4": 0.36212830892885434, "Ba8Mn4O24Re4": 0.16331957227160038, "Ca8Cr4Ni4O24": 0.8903045812416426, "Fe4O24Sr8Ta4": 0.1639111215634027, "Mn4O24Sr8Ta4": 0.16404436626489727, "Mn4Nd8O24Rh4": 0.7572466711092378}