{"Ba8O24Re4Y4": 0.16363851220740017, "O24Pb8Sb4Sc4": 0.3358013771214331, "Fe4O24Sr8Ta4": 0.163459202352013, "La8Mg4O24Sn4": 0.9564905515768095, "Ba8Ga4Nb4O24": 0.6461029665188183, "Ga4La8O24Ru4": 0.970678867893443, "Cu4O24Pr8Sn4": 0.44520388947154965, "Al4Ca8Nb4O24": 0.3820336930297001, "Ir4O24Sr8Zn4": 0.16318078301320246, "Ga4O24Sr8Ta4": 0.2411206061427146, "La8Ni4O24Pt4": 0.22886762413288064, "Ca8In4O24Sb4": 0.5876579876506086, "Fe4La8Ni4O24": 0.6038338833864111, "Ba8Nb4O24Y4": 0.30393763814750563, "Cu4La8O24Ru4": 0.7121849085412538, "O24Sr8U4Zn4": 0.5751425678396985, "Co4Ni4O24Sr8": 0.7449720468465132, "Ca8Cr4O24Ta4": 0.5748604340799727, "Ga4Mn4Nd8O24": 0.7237467862246392, "Mn4O24Pr8Ti4": 0.18047618372760785, "Ni4O24Pb8Re4": 0.6844144422935509, "Co4O24Sr8Ta4": 0.163157688693789, "Mn4O24Sr8Te4": 0.16315345065701717, "Ca8Fe4Mn4O24": 0.9987345983324415, "Ca8Cr4Mo4O24": 0.16340144185828992, "La8Mn4O24Zn4": 0.8900877758154812, "Ba8Fe4Mn4O24": 0.9849264406471631, "Cu4Nd8O24Sn4": 0.4933184101539086, "O24Sr8Ti4Zr4": 0.9813660855670141, "Ba8Bi4Ce4O24": 0.22017486916735568, "Ir4Mg4O24Pr8": 0.1882292906555976, "La8Ni4O24Ru4": 0.8176264114423859, "La4O24Sb4Sr8": 0.170632384368353, "Mn4O24Sr8U4": 0.6294409562100574, "Fe4La8O24Rh4": 0.5488855309165472, "Ca8Mn4O24Ta4": 0.24695748784499727, "Co4Nd8O24Pt4": 0.16582663146729004, "Ca8Co4Fe4O24": 0.9862227041974138, "Mn4O24Rh4Sm8": 0.6056295326099678, "Ba8Mn4O24Re4": 0.16320869283917774, "Ca8Cr4Nb4O24": 0.17172238291797332, "Ba8Nb4O24V4": 0.7670084722332668, "Mn4Nd8O24Rh4": 0.6626998108730165, "Cr4Ni4O24Sr8": 0.8291780621206074, "Cr4Mn4O24Pr8": 0.9436929535165977, "Cr4La8Mn4O24": 0.46548567876895247, "Ba8Mn4O24Ta4": 0.16435423660498852, "Ba8O24Sb4Tl4": 0.16614029312295736, "Mg4O24Re4Sr8": 0.16315159989767025, "Ca8Cr4Ni4O24": 0.5505412179388014, "La8Mn4O24Ru4": 0.2964395467973392, "Mn4Ni4O24Tb8": 0.34513199745468787, "Ba8Ir4O24Sc4": 0.595526986897863, "Co4Lu8Mn4O24": 0.8831611451881496, "Ca8O24Ta4Y4": 0.19376333691924202, "Cu4La8O24Rh4": 0.87199704378365, "Hf4La8Mg4O24": 0.16336178059501644, "Ga4La8Ni4O24": 0.8909891055266274, "Ba8Co4Mo4O24": 0.1633723962257486, "Mo4O24Sr8Zn4": 0.1631525354427906, "Ca8Co4O24Ta4": 0.16315442470772898, "Mn4O24Pr8Rh4": 0.5143156308259806, "Cr4O24Ru4Sr8": 0.9585730207900809, "Ca8Ir4Mn4O24": 0.8069389462699034, "Ba8Fe4O24Ta4": 0.163838925400416, "Cr4La8Ni4O24": 0.9068016992429968, "Mn4Ni4O24Pr8": 0.17992216873813155, "Ba8Ga4O24Ta4": 0.8274982206589342, "Cu4O24Os4Sr8": 0.16315443730536558, "Ca8Nb4O24V4": 0.7810120359146137, "Cu4Mn4O24Sm8": 0.662554919633022, "Ba8Fe4Nb4O24": 0.6385687045877594, "Mn4Ni4O24Sm8": 0.5024255738741557, "Nb4O24Sr8Y4": 0.49911929975809866, "Ga4Nb4O24Sr8": 0.5532106192442048, "Ca8Mo4O24V4": 0.21867218610932232, "Ir4Mg4O24Sm8": 0.18718349798451145, "Mo4O24Sr8V4": 0.3747633201708584, "In4O24Sr8Ta4": 0.1667356619992343, "Ba8Ir4La4O24": 0.17153440166641662, "La8Mn4O24Ti4": 0.9043740497961867, "Ca8Mn4O24Sb4": 0.2675574337135718, "Ba8La4O24Ru4": 0.1720725814869713, "O24Sc4Sr8Ta4": 0.28227783922095456, "Cr4Fe4La8O24": 0.24001543000115302, "O24Ru4Sr8Y4": 0.16490427916893483, "Ca8O24Ru4Ti4": 0.3881639053591529, "La8O24Ru4Zn4": 0.17102658959397762, "Nb4O24Sc4Sr8": 0.6152204096013423, "Cu4O24Pr8Ti4": 0.5946398874015665, "O24Rh4Sr8Ta4": 0.5983221717027386, "Ir4La8O24Zn4": 0.4200060670477781, "Ba8Nb4O24Sc4": 0.8015136894155549, "O24Ru4Sr8Ti4": 0.4815519663143337, "La8Mn4O24V4": 0.7130858463556318, "Ni4O24Sr8U4": 0.1633184541836075, "O24Sb4Sc4Sr8": 0.28636045669694865, "Ir4O24Sc4Sr8": 0.25304136459140103, "Ba8Ni4O24U4": 0.1656375798022781, "Mn4O24Sr8Ta4": 0.16902422577977144}