{"Ba8Mn4O24Ta4": 0.7089011410271554, "Ca8Co4Fe4O24": 0.8678748893267169, "Mn4O24Sr8U4": 0.16320967526502825, "Ga4Nb4O24Sr8": 0.2258385646198387, "Ba8O24Sb4Tl4": 0.3007861978772566, "Hf4La8Mg4O24": 0.4791573532771719, "Co4Ni4O24Sr8": 0.9524151732591846, "La8Mg4O24Sn4": 0.2714611788382856, "Mn4O24Pr8Ti4": 0.17261019368098593, "Ga4La8Ni4O24": 0.8715125953569073, "O24Sc4Sr8Ta4": 0.16787107309682264, "Mn4Ni4O24Pr8": 0.1734518828020697, "O24Rh4Sr8Ta4": 0.2133656048363867, "La4O24Sb4Sr8": 0.1631512200446522, "In4O24Sr8Ta4": 0.17225633935602158, "O24Ru4Sr8Y4": 0.16315160897152056, "Ir4O24Sr8Zn4": 0.1631566021780588, "Ca8Cr4O24Ta4": 0.18037820231160717, "Ba8Fe4Nb4O24": 0.1859377641847986, "Cr4O24Ru4Sr8": 0.17903405234413922, "Mn4Ni4O24Sm8": 0.17113231363588222, "Mn4O24Rh4Sm8": 0.8708199273894888, "O24Ru4Sr8Ti4": 0.9484517569984005, "La8Mn4O24Ti4": 0.1916413675226691, "Ca8Cr4Nb4O24": 0.18155202528964992, "Ca8Nb4O24V4": 0.38389556073835324, "Cu4O24Os4Sr8": 0.16475635090708696, "Ba8O24Re4Y4": 0.16315342868211105, "Co4Nd8O24Pt4": 0.1669735439277663, "Ir4Mg4O24Sm8": 0.1988479908812991, "Ba8Nb4O24Y4": 0.1709673370913551, "Ca8Fe4Mn4O24": 0.9641359140875628, "La8Ni4O24Ru4": 0.899753487471359, "O24Pb8Sb4Sc4": 0.16728478921537512, "Ba8Bi4Ce4O24": 0.96423348371594, "La8O24Ru4Zn4": 0.7889639225650161, "Ca8O24Ru4Ti4": 0.9491603519673195, "Ca8O24Ta4Y4": 0.16320073719281863, "Cu4O24Pr8Sn4": 0.4224942932976822, "Mn4O24Sr8Te4": 0.16315130747742254, "Mn4O24Pr8Rh4": 0.9709445472967142, "Nb4O24Sc4Sr8": 0.1815330082259183, "Ni4O24Sr8U4": 0.16315963958383517, "Ba8Ni4O24U4": 0.1631513084529657, "Ga4La8O24Ru4": 0.8012741220134715, "Co4Lu8Mn4O24": 0.7808305134258172, "Mo4O24Sr8V4": 0.5533715665855444, "Cu4Nd8O24Sn4": 0.42197919221546226, "Ca8Ir4Mn4O24": 0.8878262809266343, "Ba8Ir4La4O24": 0.16315121970519145, "Ir4La8O24Zn4": 0.3815269996248271, "Nb4O24Sr8Y4": 0.16610290961698948, "Cr4Ni4O24Sr8": 0.9477669951327334, "Ca8Mn4O24Ta4": 0.7223813961301211, "Cr4La8Ni4O24": 0.40917508118726076, "Cr4La8Mn4O24": 0.8648873975006715, "Ca8Mn4O24Sb4": 0.7450755394200932, "Ba8Ga4Nb4O24": 0.18962486415742388, "Ir4Mg4O24Pr8": 0.20176871328958101, "La8Mn4O24Ru4": 0.7714753639973366, "Cr4Mn4O24Pr8": 0.7933926411460162, "Ba8Ir4O24Sc4": 0.16315143675637425, "O24Sr8Ti4Zr4": 0.9641740087218177, "Ba8Nb4O24Sc4": 0.18503752800969347, "Ba8Co4Mo4O24": 0.16316101791393767, "Ba8La4O24Ru4": 0.16315122213919167, "Ca8Co4O24Ta4": 0.4933464937914542, "Ga4O24Sr8Ta4": 0.21889185457814003, "La8Mn4O24Zn4": 0.17154120956915053, "Ca8In4O24Sb4": 0.16848301698844184, "Ga4Mn4Nd8O24": 0.911137775474446, "Ir4O24Sc4Sr8": 0.1631645008660468, "O24Sb4Sc4Sr8": 0.1633228536822596, "Cu4La8O24Rh4": 0.8453678501729848, "Mo4O24Sr8Zn4": 0.16317199295590715, "Al4Ca8Nb4O24": 0.17030961354523086, "Cu4O24Pr8Ti4": 0.847307453761236, "O24Sr8U4Zn4": 0.1632290321875449, "Cu4Mn4O24Sm8": 0.8690689645311953, "Cr4Fe4La8O24": 0.45620360080427996, "Ba8Fe4O24Ta4": 0.16675934197534598, "Co4O24Sr8Ta4": 0.5921675570706703, "Ba8Nb4O24V4": 0.3541032608557281, "La8Mn4O24V4": 0.7784510921414343, "Fe4La8O24Rh4": 0.6668053552863767, "Mg4O24Re4Sr8": 0.16315123460583358, "Ni4O24Pb8Re4": 0.30549375168805004, "Ba8Fe4Mn4O24": 0.2745025966977963, "Mn4Ni4O24Tb8": 0.16702490223507224, "Cu4La8O24Ru4": 0.3301990232849603, "Ca8Cr4Mo4O24": 0.3333123100585971, "La8Ni4O24Pt4": 0.1656202492643266, "Fe4La8Ni4O24": 0.5011656819853479, "Ca8Mo4O24V4": 0.8627237032118007, "Ba8Ga4O24Ta4": 0.20202300974987322, "Ba8Mn4O24Re4": 0.16315337381566292, "Ca8Cr4Ni4O24": 0.7961521080795858, "Fe4O24Sr8Ta4": 0.16614977890621746, "Mn4O24Sr8Ta4": 0.7677957250309654, "Mn4Nd8O24Rh4": 0.9283418320540763}