{"Ba8Mn4O24Ta4": 0.5191825100697912, "Ca8Co4Fe4O24": 0.036462593544947575, "Mn4O24Sr8U4": 0.1671178229267142, "Ga4Nb4O24Sr8": 0.3628255956344916, "Ba8O24Sb4Tl4": 0.06391056718845746, "Hf4La8Mg4O24": 0.5349276241113898, "Co4Ni4O24Sr8": 0.04505060300448562, "La8Mg4O24Sn4": 0.1436230818779469, "Mn4O24Pr8Ti4": 0.007811784902130086, "Ga4La8Ni4O24": 0.06629102531384916, "O24Sc4Sr8Ta4": 0.8774129560188942, "Mn4Ni4O24Pr8": 0.14270786157609447, "O24Rh4Sr8Ta4": 0.5411409360779377, "La4O24Sb4Sr8": 0.08697029719007968, "In4O24Sr8Ta4": 0.8287011672198876, "O24Ru4Sr8Y4": 0.5346710152091088, "Ir4O24Sr8Zn4": 0.9605669987725053, "Ca8Cr4O24Ta4": 0.0807883467013629, "Ba8Fe4Nb4O24": 0.2693693570133123, "Cr4O24Ru4Sr8": 0.05847998852245919, "Mn4Ni4O24Sm8": 0.14443559666667424, "Mn4O24Rh4Sm8": 0.09054605359946272, "O24Ru4Sr8Ti4": 0.11162838771656135, "La8Mn4O24Ti4": 0.023538465273677957, "Ca8Cr4Nb4O24": 0.10125338113061895, "Ca8Nb4O24V4": 0.08296216122191402, "Cu4O24Os4Sr8": 0.9393214450480388, "Ba8O24Re4Y4": 0.999439953237558, "Co4Nd8O24Pt4": 0.056843187652606576, "Ir4Mg4O24Sm8": 0.7785555769673611, "Ba8Nb4O24Y4": 0.4494933062174274, "Ca8Fe4Mn4O24": 0.05214487894875439, "La8Ni4O24Ru4": 0.12414106361611521, "O24Pb8Sb4Sc4": 0.05916465355237915, "Ba8Bi4Ce4O24": 0.058315655105102844, "La8O24Ru4Zn4": 0.16446301583809406, "Ca8O24Ru4Ti4": 0.15255097633787512, "Ca8O24Ta4Y4": 0.5654328036076763, "Cu4O24Pr8Sn4": 0.0011277364757176676, "Mn4O24Sr8Te4": 0.5090488006042172, "Mn4O24Pr8Rh4": 0.07920407383293326, "Nb4O24Sc4Sr8": 0.7445872006188178, "Ni4O24Sr8U4": 0.9502060190528973, "Ba8Ni4O24U4": 0.9036917691502391, "Ga4La8O24Ru4": 0.020834685863694524, "Co4Lu8Mn4O24": 0.021949785212682666, "Mo4O24Sr8V4": 0.24513016402252286, "Cu4Nd8O24Sn4": 0.003509284833624356, "Ca8Ir4Mn4O24": 0.18028172538742177, "Ba8Ir4La4O24": 0.2071971712570457, "Ir4La8O24Zn4": 0.4932019430863105, "Nb4O24Sr8Y4": 0.7831224478092086, "Cr4Ni4O24Sr8": 0.13044313708433763, "Ca8Mn4O24Ta4": 0.16692923441196544, "Cr4La8Ni4O24": 0.0575272937260504, "Cr4La8Mn4O24": 0.007745622512945856, "Ca8Mn4O24Sb4": 0.06467860980499242, "Ba8Ga4Nb4O24": 0.38674076984189293, "Ir4Mg4O24Pr8": 0.7478593432031971, "La8Mn4O24Ru4": 0.008063494758052047, "Cr4Mn4O24Pr8": 0.02789777628580976, "Ba8Ir4O24Sc4": 0.3081291405895782, "O24Sr8Ti4Zr4": 0.041108807192212674, "Ba8Nb4O24Sc4": 0.28401968648268805, "Ba8Co4Mo4O24": 0.885756486736689, "Ba8La4O24Ru4": 0.10765745668525954, "Ca8Co4O24Ta4": 0.6660781924667655, "Ga4O24Sr8Ta4": 0.2920369457844499, "La8Mn4O24Zn4": 0.04752516436397118, "Ca8In4O24Sb4": 0.15969527492188482, "Ga4Mn4Nd8O24": 0.04088023450212319, "Ir4O24Sc4Sr8": 0.9310536644653775, "O24Sb4Sc4Sr8": 0.23787749492967217, "Cu4La8O24Rh4": 0.05255365834947341, "Mo4O24Sr8Zn4": 0.9985595056656129, "Al4Ca8Nb4O24": 0.2036020691729802, "Cu4O24Pr8Ti4": 0.0440953431215677, "O24Sr8U4Zn4": 0.495004991222132, "Cu4Mn4O24Sm8": 0.05710374939093012, "Cr4Fe4La8O24": 0.0337661055189122, "Ba8Fe4O24Ta4": 0.4567961075678066, "Co4O24Sr8Ta4": 0.7384182798172148, "Ba8Nb4O24V4": 0.04541803310240458, "La8Mn4O24V4": 0.06538556423722391, "Fe4La8O24Rh4": 0.1231864245819977, "Mg4O24Re4Sr8": 0.9999999532467347, "Ni4O24Pb8Re4": 0.9476017715027034, "Ba8Fe4Mn4O24": 0.03490718825758897, "Mn4Ni4O24Tb8": 0.1264847470226152, "Cu4La8O24Ru4": 0.05124536743362069, "Ca8Cr4Mo4O24": 0.3151650645558533, "La8Ni4O24Pt4": 0.18921729975445428, "Fe4La8Ni4O24": 0.057119763482653615, "Ca8Mo4O24V4": 0.172565170852781, "Ba8Ga4O24Ta4": 0.5920289762853788, "Ba8Mn4O24Re4": 0.9955971015625118, "Ca8Cr4Ni4O24": 0.05886056637968296, "Fe4O24Sr8Ta4": 0.6311464798521647, "Mn4O24Sr8Ta4": 0.17161293709607467, "Mn4Nd8O24Rh4": 0.11030566508949105}