{"Ba8Mn4O24Ta4": 0.9994224179838281, "Ca8Co4Fe4O24": 0.07255856213299834, "Mn4O24Sr8U4": 0.1851058061144353, "Ga4Nb4O24Sr8": 0.8727984496240762, "Ba8O24Sb4Tl4": 0.9915265486710444, "Hf4La8Mg4O24": 0.9979171047416818, "Co4Ni4O24Sr8": 0.13136500439643517, "La8Mg4O24Sn4": 0.05351791213878832, "Mn4O24Pr8Ti4": 0.6851129155699979, "Ga4La8Ni4O24": 0.31437792466285785, "O24Sc4Sr8Ta4": 0.9957540422798339, "Mn4Ni4O24Pr8": 0.9735440781803177, "O24Rh4Sr8Ta4": 0.00505433301626659, "La4O24Sb4Sr8": 0.9992397224026616, "In4O24Sr8Ta4": 0.9988884022290696, "O24Ru4Sr8Y4": 0.9986661790039815, "Ir4O24Sr8Zn4": 0.9999931381380398, "Ca8Cr4O24Ta4": 0.16159721389712858, "Ba8Fe4Nb4O24": 0.604569202129989, "Cr4O24Ru4Sr8": 0.5823417841704726, "Mn4Ni4O24Sm8": 0.1834358114077991, "Mn4O24Rh4Sm8": 2.66708317188288e-08, "O24Ru4Sr8Ti4": 0.5115378353859009, "La8Mn4O24Ti4": 0.006323122306487162, "Ca8Cr4Nb4O24": 0.14224701634988557, "Ca8Nb4O24V4": 0.2806682907869975, "Cu4O24Os4Sr8": 0.9999839881183992, "Ba8O24Re4Y4": 0.9996204940410941, "Co4Nd8O24Pt4": 0.990887425400683, "Ir4Mg4O24Sm8": 0.953486023307369, "Ba8Nb4O24Y4": 0.9121070613431654, "Ca8Fe4Mn4O24": 0.017572566063853132, "La8Ni4O24Ru4": 0.15902065597007317, "O24Pb8Sb4Sc4": 0.7658657331549636, "Ba8Bi4Ce4O24": 0.944163479992097, "La8O24Ru4Zn4": 0.9942309824519566, "Ca8O24Ru4Ti4": 0.7733172355568928, "Ca8O24Ta4Y4": 0.9993238403887249, "Cu4O24Pr8Sn4": 0.00025246222259468586, "Mn4O24Sr8Te4": 0.9999968656351762, "Mn4O24Pr8Rh4": 0.0008277469550128249, "Nb4O24Sc4Sr8": 0.8650610851329171, "Ni4O24Sr8U4": 0.9997925681728134, "Ba8Ni4O24U4": 0.996205940010308, "Ga4La8O24Ru4": 0.9142526763567966, "Co4Lu8Mn4O24": 0.00026341789462110734, "Mo4O24Sr8V4": 0.9887281977402222, "Cu4Nd8O24Sn4": 0.00032060664449622085, "Ca8Ir4Mn4O24": 0.6587685835586035, "Ba8Ir4La4O24": 0.9995903739955186, "Ir4La8O24Zn4": 0.96909164303615, "Nb4O24Sr8Y4": 0.9860444661806883, "Cr4Ni4O24Sr8": 0.001638794493127653, "Ca8Mn4O24Ta4": 0.9811203013733488, "Cr4La8Ni4O24": 0.1470003586889302, "Cr4La8Mn4O24": 0.004649383585458163, "Ca8Mn4O24Sb4": 0.9815974949251772, "Ba8Ga4Nb4O24": 0.16189791687668856, "Ir4Mg4O24Pr8": 0.9630592752793743, "La8Mn4O24Ru4": 0.4580313257918628, "Cr4Mn4O24Pr8": 0.0011203236229393424, "Ba8Ir4O24Sc4": 0.9137532213458966, "O24Sr8Ti4Zr4": 0.016188581375435097, "Ba8Nb4O24Sc4": 0.7480705026382197, "Ba8Co4Mo4O24": 0.9999514649510082, "Ba8La4O24Ru4": 0.9887465935970046, "Ca8Co4O24Ta4": 0.999982515610667, "Ga4O24Sr8Ta4": 0.9401810689144056, "La8Mn4O24Zn4": 0.020008677949207576, "Ca8In4O24Sb4": 0.9510481914435486, "Ga4Mn4Nd8O24": 0.05796701767472842, "Ir4O24Sc4Sr8": 0.9722231774411295, "O24Sb4Sc4Sr8": 0.992547891392791, "Cu4La8O24Rh4": 0.04121213709245509, "Mo4O24Sr8Zn4": 0.9999951547516726, "Al4Ca8Nb4O24": 0.8655940130755663, "Cu4O24Pr8Ti4": 0.023013913498115622, "O24Sr8U4Zn4": 0.8718267317165551, "Cu4Mn4O24Sm8": 0.0013729468713370256, "Cr4Fe4La8O24": 0.9488831869842077, "Ba8Fe4O24Ta4": 0.9997087183748361, "Co4O24Sr8Ta4": 0.9998493878796325, "Ba8Nb4O24V4": 0.2589038919192977, "La8Mn4O24V4": 0.07193232607907661, "Fe4La8O24Rh4": 7.656449952944483e-05, "Mg4O24Re4Sr8": 0.9999999998833604, "Ni4O24Pb8Re4": 0.0019875715654087424, "Ba8Fe4Mn4O24": 0.059603294483957535, "Mn4Ni4O24Tb8": 0.9107058014669981, "Cu4La8O24Ru4": 0.7624483005629674, "Ca8Cr4Mo4O24": 0.9984890785659587, "La8Ni4O24Pt4": 0.9738787869202127, "Fe4La8Ni4O24": 0.00017162201204947374, "Ca8Mo4O24V4": 0.9909307260551284, "Ba8Ga4O24Ta4": 0.8638065783432369, "Ba8Mn4O24Re4": 0.999946392234045, "Ca8Cr4Ni4O24": 0.007104185493377, "Fe4O24Sr8Ta4": 0.999696085068177, "Mn4O24Sr8Ta4": 0.9996867416640836, "Mn4Nd8O24Rh4": 2.1100896661148017e-06}