{"Ba8O24Re4Y4": 0.9998082131967668, "O24Pb8Sb4Sc4": 0.8668460405585486, "Fe4O24Sr8Ta4": 0.9998880301826873, "La8Mg4O24Sn4": 0.15510592444665086, "Ba8Ga4Nb4O24": 0.00945783876025167, "Ga4La8O24Ru4": 0.07217719104188727, "Cu4O24Pr8Sn4": 1.6162272732721483e-05, "Al4Ca8Nb4O24": 0.8289741912294281, "Ir4O24Sr8Zn4": 0.9999918359737417, "Ga4O24Sr8Ta4": 0.9528443665517291, "La8Ni4O24Pt4": 0.9619742001618056, "Ca8In4O24Sb4": 0.6175782165546891, "Fe4La8Ni4O24": 3.245654023051108e-05, "Ba8Nb4O24Y4": 0.8911701803067932, "Cu4La8O24Ru4": 0.35102639120340773, "O24Sr8U4Zn4": 0.5679664134864998, "Co4Ni4O24Sr8": 0.4619920248152392, "Ca8Cr4O24Ta4": 0.6582413466489441, "Ga4Mn4Nd8O24": 0.018117455472806243, "Mn4O24Pr8Ti4": 0.9917969925686992, "Ni4O24Pb8Re4": 0.07429998134898146, "Co4O24Sr8Ta4": 0.9999983118951292, "Mn4O24Sr8Te4": 0.9999994748670178, "Ca8Fe4Mn4O24": 0.020964528460710858, "Ca8Cr4Mo4O24": 0.9999181118812481, "La8Mn4O24Zn4": 0.01566939593212135, "Ba8Fe4Mn4O24": 0.030967494064873518, "Cu4Nd8O24Sn4": 0.00016168121032207153, "O24Sr8Ti4Zr4": 0.08490946550044498, "Ba8Bi4Ce4O24": 0.966620220051707, "Ir4Mg4O24Pr8": 0.9869810066931705, "La8Ni4O24Ru4": 0.3617227999510354, "La4O24Sb4Sr8": 0.9966642411186276, "Mn4O24Sr8U4": 0.10730781255694925, "Fe4La8O24Rh4": 0.0004050661202821719, "Ca8Mn4O24Ta4": 0.9499144657682985, "Co4Nd8O24Pt4": 0.9989282291773197, "Ca8Co4Fe4O24": 0.06138242358237838, "Mn4O24Rh4Sm8": 4.481607576427684e-07, "Ba8Mn4O24Re4": 0.9999831387348235, "Ca8Cr4Nb4O24": 0.9962709834290834, "Ba8Nb4O24V4": 0.22737468680121337, "Mn4Nd8O24Rh4": 0.00024161586011647805, "Cr4Ni4O24Sr8": 0.012285483484612482, "Cr4Mn4O24Pr8": 0.013899035623959726, "Cr4La8Mn4O24": 0.6521767884705655, "Ba8Mn4O24Ta4": 0.9995551207347624, "Ba8O24Sb4Tl4": 0.9988029139326812, "Mg4O24Re4Sr8": 0.9999999194340163, "Ca8Cr4Ni4O24": 0.002827693576496055, "La8Mn4O24Ru4": 0.8748745415262473, "Mn4Ni4O24Tb8": 0.8637539415709522, "Ba8Ir4O24Sc4": 0.6316766351802218, "Co4Lu8Mn4O24": 0.00028013848787083426, "Ca8O24Ta4Y4": 0.978146327443226, "Cu4La8O24Rh4": 0.05164291819468939, "Hf4La8Mg4O24": 0.9999333817488398, "Ga4La8Ni4O24": 0.00017301684683448192, "Ba8Co4Mo4O24": 0.9999284598139537, "Mo4O24Sr8Zn4": 0.9999996990598088, "Ca8Co4O24Ta4": 0.9999991612914754, "Mn4O24Pr8Rh4": 0.5260551114970201, "Cr4O24Ru4Sr8": 0.051592259177353834, "Ca8Ir4Mn4O24": 0.28220837015155165, "Ba8Fe4O24Ta4": 0.9997370735845603, "Cr4La8Ni4O24": 0.10272533913165069, "Mn4Ni4O24Pr8": 0.9919913300735131, "Ba8Ga4O24Ta4": 0.35272370833698946, "Cu4O24Os4Sr8": 0.99999922391899, "Ca8Nb4O24V4": 0.3642741750140109, "Cu4Mn4O24Sm8": 0.0001122118288943157, "Ba8Fe4Nb4O24": 0.11787865540957534, "Mn4Ni4O24Sm8": 0.058785529690681085, "Nb4O24Sr8Y4": 0.40889371672848834, "Ga4Nb4O24Sr8": 0.6726653901484776, "Ca8Mo4O24V4": 0.9671100434852188, "Ir4Mg4O24Sm8": 0.9875916393095643, "Mo4O24Sr8V4": 0.8512694522932311, "In4O24Sr8Ta4": 0.9985266115002093, "Ba8Ir4La4O24": 0.9962037899912, "La8Mn4O24Ti4": 0.02049410358924728, "Ca8Mn4O24Sb4": 0.9348299063180717, "Ba8La4O24Ru4": 0.9959267357701943, "O24Sc4Sr8Ta4": 0.9202235352949217, "Cr4Fe4La8O24": 0.9549648875280364, "O24Ru4Sr8Y4": 0.9993200238953004, "Ca8O24Ru4Ti4": 0.8263835064668246, "La8O24Ru4Zn4": 0.9964710346480635, "Nb4O24Sc4Sr8": 0.40215002913229847, "Cu4O24Pr8Ti4": 0.0009302050992473676, "O24Rh4Sr8Ta4": 0.36754086109533557, "Ir4La8O24Zn4": 0.781476020615325, "Ba8Nb4O24Sc4": 0.4053983950148443, "O24Ru4Sr8Ti4": 0.7402866762960089, "La8Mn4O24V4": 0.025814224371946214, "Ni4O24Sr8U4": 0.9999445636133326, "O24Sb4Sc4Sr8": 0.9234788554653981, "Ir4O24Sc4Sr8": 0.9422964173650411, "Ba8Ni4O24U4": 0.9989865685016743, "Mn4O24Sr8Ta4": 0.9974898694047813}