{"Ca8In4O24Sb4": 0.9646125817302551, "Cr4Ni4O24Sr8": 2.842158456302737e-05, "Ca8Mn4O24Sb4": 0.958521616396381, "O24Pb8Sb4Sc4": 0.9439768785310546, "Cu4La8O24Rh4": 0.13189708838521483, "Mn4Ni4O24Tb8": 0.9928915268078866, "O24Sr8Ti4Zr4": 0.05590587279441905, "O24Ru4Sr8Y4": 0.999982372254849, "Ga4La8O24Ru4": 0.032844926753463656, "Cu4O24Pr8Sn4": 0.30221832378017743, "Ca8Mn4O24Ta4": 0.9839474545231215, "Cr4La8Ni4O24": 0.14652897608270193, "Ca8Cr4Nb4O24": 0.9815203146615981, "Hf4La8Mg4O24": 0.997700377277914, "Cu4La8O24Ru4": 0.6773830927031811, "Ba8Fe4O24Ta4": 0.8002563264689618, "Cu4O24Pr8Ti4": 0.009663168814242102, "La8Mn4O24Ru4": 0.4566892244497286, "Cu4Mn4O24Sm8": 0.03830746820723645, "Ca8O24Ru4Ti4": 0.694619464609425, "Ba8Mn4O24Re4": 0.9999893560512526, "Cr4La8Mn4O24": 0.033540764978311065, "Mn4O24Sr8Ta4": 0.9973472019304253, "Ca8Fe4Mn4O24": 0.5564042201358772, "La4O24Sb4Sr8": 0.9998680559151545, "Ba8Ir4O24Sc4": 0.9697176470078704, "Co4O24Sr8Ta4": 0.9991163961265781, "Mn4O24Sr8Te4": 0.9999660926810753, "Mn4Ni4O24Pr8": 0.9867067276321966, "O24Sc4Sr8Ta4": 0.8416227126947415, "Ni4O24Pb8Re4": 0.9970379765800013, "O24Rh4Sr8Ta4": 0.9999991523377918, "Mn4O24Sr8U4": 0.38005328582216247, "Mn4O24Pr8Ti4": 0.8366644598645611, "In4O24Sr8Ta4": 0.9873313447294434, "Ba8Ni4O24U4": 0.7336654671742115, "Ca8Cr4Mo4O24": 0.9986902555812793, "O24Sr8U4Zn4": 0.8596334609257672, "La8Mn4O24V4": 0.06334568972334524, "Mn4O24Pr8Rh4": 0.00017362770809669576, "Fe4La8Ni4O24": 0.004282603297126776, "Ga4La8Ni4O24": 0.27272574805408056, "Ba8Mn4O24Ta4": 0.8420096387662819, "Ca8Cr4O24Ta4": 0.9990542276427731, "Mn4Ni4O24Sm8": 0.045483679617629925, "Cr4Fe4La8O24": 0.7517799670325026, "Ba8La4O24Ru4": 0.999373811414296, "Ir4Mg4O24Sm8": 0.9876374141085494, "O24Sb4Sc4Sr8": 0.9968489405422667, "La8Ni4O24Pt4": 0.8486122763319108, "Ir4O24Sc4Sr8": 0.9703876103619559, "Ba8Ga4Nb4O24": 0.48101939839240043, "Fe4O24Sr8Ta4": 0.9958516745611048, "Mg4O24Re4Sr8": 0.999999656321678, "Ca8Co4Fe4O24": 0.027606718981861934, "O24Ru4Sr8Ti4": 0.8024937355538776, "Ba8Nb4O24V4": 0.3265795529476078, "Mn4Nd8O24Rh4": 0.0001743499380432403, "Ca8Nb4O24V4": 0.7244307105423858, "Ca8Ir4Mn4O24": 0.5607745501952647, "Mo4O24Sr8Zn4": 0.9999999882086229, "Al4Ca8Nb4O24": 0.9396916979115296, "Ba8Nb4O24Y4": 0.10336972407051058, "Cr4Mn4O24Pr8": 8.139891675146231e-05, "Ga4Mn4Nd8O24": 0.01602545608986157, "La8O24Ru4Zn4": 0.7605547726973145, "Ba8Ga4O24Ta4": 0.9902590985184418, "La8Mg4O24Sn4": 0.7498383211971115, "Ba8Co4Mo4O24": 0.999941991105166, "Ca8O24Ta4Y4": 0.9994113995234832, "Mn4O24Rh4Sm8": 9.851308104838809e-05, "Nb4O24Sr8Y4": 0.6183668565274859, "Nb4O24Sc4Sr8": 0.5619840692375394, "Ca8Cr4Ni4O24": 0.7126868577770322, "Co4Nd8O24Pt4": 0.9996704714714525, "Co4Ni4O24Sr8": 0.6195086127889563, "Co4Lu8Mn4O24": 0.06342858018396635, "La8Ni4O24Ru4": 0.26849314136261765, "La8Mn4O24Ti4": 0.009991045154903209, "Ga4Nb4O24Sr8": 0.21301317884804552, "Ba8Ir4La4O24": 0.99999483576174, "Ca8Co4O24Ta4": 0.999185375903716, "Cu4O24Os4Sr8": 0.9999993000254354, "Ba8Nb4O24Sc4": 0.023208872007434662, "Ga4O24Sr8Ta4": 0.8183910255797863, "La8Mn4O24Zn4": 0.010726945898331251, "Ca8Mo4O24V4": 0.4443417377699344, "Cr4O24Ru4Sr8": 0.9800088626112228, "Fe4La8O24Rh4": 0.3198771391442744, "Ba8O24Sb4Tl4": 0.9952214913802853, "Cu4Nd8O24Sn4": 0.06354499031863907, "Ba8Bi4Ce4O24": 0.54221098848325, "Ir4Mg4O24Pr8": 0.9955275538282216, "Ir4O24Sr8Zn4": 0.9999999482878592, "Ni4O24Sr8U4": 0.075447442974394, "Ba8Fe4Nb4O24": 0.026117636236812156, "Ba8O24Re4Y4": 0.9999458386280984, "Mo4O24Sr8V4": 0.9915244994179175, "Ba8Fe4Mn4O24": 0.039566231201311454, "Ir4La8O24Zn4": 0.9813998354430804}