{"Ba8Mn4O24Ta4": 0.4857660321052475, "Ca8Co4Fe4O24": 0.058539833152674664, "Mn4O24Sr8U4": 0.9999830971466093, "Ga4Nb4O24Sr8": 0.9641954049129575, "Ba8O24Sb4Tl4": 0.8916036929941267, "Hf4La8Mg4O24": 0.7298364602441743, "Co4Ni4O24Sr8": 0.13377631740245632, "La8Mg4O24Sn4": 0.9310958925619043, "Mn4O24Pr8Ti4": 0.9955408947570283, "Ga4La8Ni4O24": 0.0007518252301844894, "O24Sc4Sr8Ta4": 0.9979628724301134, "Mn4Ni4O24Pr8": 0.995242084012422, "O24Rh4Sr8Ta4": 0.9712915128761623, "La4O24Sb4Sr8": 0.9999999999427343, "In4O24Sr8Ta4": 0.9957891674157893, "O24Ru4Sr8Y4": 0.9999999179542697, "Ir4O24Sr8Zn4": 0.9999986667331277, "Ca8Cr4O24Ta4": 0.9915239124111154, "Ba8Fe4Nb4O24": 0.9883434533910995, "Cr4O24Ru4Sr8": 0.9913797329657712, "Mn4Ni4O24Sm8": 0.9963989151650054, "Mn4O24Rh4Sm8": 0.007277973209022248, "O24Ru4Sr8Ti4": 0.10896625093815065, "La8Mn4O24Ti4": 0.9841724426855768, "Ca8Cr4Nb4O24": 0.9910058254115289, "Ca8Nb4O24V4": 0.8355086178015341, "Cu4O24Os4Sr8": 0.9993873057569842, "Ba8O24Re4Y4": 0.9999994801583314, "Co4Nd8O24Pt4": 0.9983045228994002, "Ir4Mg4O24Sm8": 0.9799315154304298, "Ba8Nb4O24Y4": 0.9958368005002913, "Ca8Fe4Mn4O24": 0.00291427453891688, "La8Ni4O24Ru4": 0.18880981285008516, "O24Pb8Sb4Sc4": 0.998134982933615, "Ba8Bi4Ce4O24": 0.00046469088052291155, "La8O24Ru4Zn4": 0.24777160531571646, "Ca8O24Ru4Ti4": 4.048272061919717e-05, "Ca8O24Ta4Y4": 0.9999856667209379, "Cu4O24Pr8Sn4": 1.3276419798551735e-06, "Mn4O24Sr8Te4": 0.9999999827406173, "Mn4O24Pr8Rh4": 0.003789851247940027, "Nb4O24Sc4Sr8": 0.9907268139900846, "Ni4O24Sr8U4": 0.9999976857912297, "Ba8Ni4O24U4": 0.9999999825386924, "Ga4La8O24Ru4": 6.381968153376915e-05, "Co4Lu8Mn4O24": 0.00010267947779606732, "Mo4O24Sr8V4": 0.521882457148849, "Cu4Nd8O24Sn4": 4.1782124703837974e-07, "Ca8Ir4Mn4O24": 0.22875426110465183, "Ba8Ir4La4O24": 0.9999999999969331, "Ir4La8O24Zn4": 0.8367084698086517, "Nb4O24Sr8Y4": 0.9986831116890639, "Cr4Ni4O24Sr8": 0.0007935237107493983, "Ca8Mn4O24Ta4": 0.44199612434507857, "Cr4La8Ni4O24": 0.820882492930901, "Cr4La8Mn4O24": 0.0027653556630586784, "Ca8Mn4O24Sb4": 0.23394509830168758, "Ba8Ga4Nb4O24": 0.986400359357581, "Ir4Mg4O24Pr8": 0.9783987609750587, "La8Mn4O24Ru4": 0.38532202626755735, "Cr4Mn4O24Pr8": 0.002522059770100363, "Ba8Ir4O24Sc4": 0.9999999551760286, "O24Sr8Ti4Zr4": 0.037572582711810444, "Ba8Nb4O24Sc4": 0.9887151949302743, "Ba8Co4Mo4O24": 0.9999974893893038, "Ba8La4O24Ru4": 0.9999999995673645, "Ca8Co4O24Ta4": 0.0003154913853458893, "Ga4O24Sr8Ta4": 0.9687439467299698, "La8Mn4O24Zn4": 0.9961837113207909, "Ca8In4O24Sb4": 0.997534127035385, "Ga4Mn4Nd8O24": 0.016617203914684943, "Ir4O24Sc4Sr8": 0.9999965320104973, "O24Sb4Sc4Sr8": 0.9999460310385742, "Cu4La8O24Rh4": 0.07208636856964318, "Mo4O24Sr8Zn4": 0.999993906448992, "Al4Ca8Nb4O24": 0.9965150075017835, "Cu4O24Pr8Ti4": 0.004535725991934125, "O24Sr8U4Zn4": 0.9999760772148947, "Cu4Mn4O24Sm8": 0.005984681373828786, "Cr4Fe4La8O24": 0.6115693851872931, "Ba8Fe4O24Ta4": 0.998286982388969, "Co4O24Sr8Ta4": 0.3536218660992982, "Ba8Nb4O24V4": 0.8644101464994725, "La8Mn4O24V4": 0.3773513166969541, "Fe4La8O24Rh4": 0.45966697241952786, "Mg4O24Re4Sr8": 0.9999999972682216, "Ni4O24Pb8Re4": 0.8774873990419685, "Ba8Fe4Mn4O24": 0.9309701068183767, "Mn4Ni4O24Tb8": 0.9984004317600135, "Cu4La8O24Ru4": 0.87714751253974, "Ca8Cr4Mo4O24": 0.8905457032139018, "La8Ni4O24Pt4": 0.9990132935065439, "Fe4La8Ni4O24": 7.447811247275263e-07, "Ca8Mo4O24V4": 0.31588680752024345, "Ba8Ga4O24Ta4": 0.9789751077926495, "Ba8Mn4O24Re4": 0.9999994910632962, "Ca8Cr4Ni4O24": 1.8384692783703643e-05, "Fe4O24Sr8Ta4": 0.9986587403232627, "Mn4O24Sr8Ta4": 0.27817959414766935, "Mn4Nd8O24Rh4": 0.0033455456614178347}