{"Ca8In4O24Sb4": 0.32203604014155823, "Cr4Ni4O24Sr8": 3.905857366246466e-06, "Ca8Mn4O24Sb4": 0.16040079384604633, "O24Pb8Sb4Sc4": 0.05252793248130274, "Cu4La8O24Rh4": 0.0049797122020941425, "Mn4Ni4O24Tb8": 0.05313050683196326, "O24Sr8Ti4Zr4": 0.17537404188834274, "O24Ru4Sr8Y4": 0.04181722040503354, "Ga4La8O24Ru4": 0.00012910672472951125, "Cu4O24Pr8Sn4": 0.0001961791102040048, "Ca8Mn4O24Ta4": 0.19298801347337052, "Cr4La8Ni4O24": 0.0009653253845823144, "Ca8Cr4Nb4O24": 0.11888911399856976, "Hf4La8Mg4O24": 0.38663622938303666, "Cu4La8O24Ru4": 0.009216242867787793, "Ba8Fe4O24Ta4": 0.339616467293005, "Cu4O24Pr8Ti4": 0.002765013307104845, "La8Mn4O24Ru4": 0.11613840932955062, "Cu4Mn4O24Sm8": 0.01873835864136726, "Ca8O24Ru4Ti4": 0.10779570087012234, "Ba8Mn4O24Re4": 0.9955299766339414, "Cr4La8Mn4O24": 0.017267101962810925, "Mn4O24Sr8Ta4": 0.006872034539900616, "Ca8Fe4Mn4O24": 0.018478649542651746, "La4O24Sb4Sr8": 0.652538793495005, "Ba8Ir4O24Sc4": 0.10651275204257653, "Co4O24Sr8Ta4": 0.039189959342302474, "Mn4O24Sr8Te4": 0.999997201076412, "Mn4Ni4O24Pr8": 0.029999606593999383, "O24Sc4Sr8Ta4": 0.8334090210640781, "Ni4O24Pb8Re4": 4.054159690796305e-05, "O24Rh4Sr8Ta4": 0.05446819718846393, "Mn4O24Sr8U4": 0.00025508516661625714, "Mn4O24Pr8Ti4": 0.005491418152282876, "In4O24Sr8Ta4": 0.9930165593057279, "Ba8Ni4O24U4": 0.9999857779192751, "Ca8Cr4Mo4O24": 0.5225147314054663, "O24Sr8U4Zn4": 0.22698270725884304, "La8Mn4O24V4": 0.010598991093181439, "Mn4O24Pr8Rh4": 0.07473142973313789, "Fe4La8Ni4O24": 0.07125779599309116, "Ga4La8Ni4O24": 0.039415261782106685, "Ba8Mn4O24Ta4": 0.019685600024366767, "Ca8Cr4O24Ta4": 0.36358571593108185, "Mn4Ni4O24Sm8": 0.012287224705820023, "Cr4Fe4La8O24": 0.08138439772200458, "Ba8La4O24Ru4": 0.2890253617491394, "Ir4Mg4O24Sm8": 0.3113961807889337, "O24Sb4Sc4Sr8": 0.6513468856448514, "La8Ni4O24Pt4": 0.4085541791609828, "Ir4O24Sc4Sr8": 0.7057477865780051, "Ba8Ga4Nb4O24": 0.03217109059554839, "Fe4O24Sr8Ta4": 0.4758005101091932, "Mg4O24Re4Sr8": 0.9999968682526149, "Ca8Co4Fe4O24": 0.03186299127170483, "O24Ru4Sr8Ti4": 0.02532207952963887, "Ba8Nb4O24V4": 0.09138858384122779, "Mn4Nd8O24Rh4": 0.02130790726195011, "Ca8Nb4O24V4": 0.27301899361192933, "Ca8Ir4Mn4O24": 0.14859826469428625, "Mo4O24Sr8Zn4": 0.9999817789570102, "Al4Ca8Nb4O24": 0.004159798736679008, "Ba8Nb4O24Y4": 0.6996568896548404, "Cr4Mn4O24Pr8": 0.007562657295527029, "Ga4Mn4Nd8O24": 0.030530527362495386, "La8O24Ru4Zn4": 0.018814562496870843, "Ba8Ga4O24Ta4": 0.011001217735869819, "La8Mg4O24Sn4": 0.29953476256225053, "Ba8Co4Mo4O24": 0.9716146488509652, "Ca8O24Ta4Y4": 0.7984536919473396, "Mn4O24Rh4Sm8": 0.05246942827070589, "Nb4O24Sr8Y4": 0.5647117935247621, "Nb4O24Sc4Sr8": 0.8273076360150406, "Ca8Cr4Ni4O24": 0.4745640144024164, "Co4Nd8O24Pt4": 0.009886563148182818, "Co4Ni4O24Sr8": 0.02353822714199039, "Co4Lu8Mn4O24": 0.013194010759781756, "La8Ni4O24Ru4": 0.2326745240547745, "La8Mn4O24Ti4": 0.001847922468311655, "Ga4Nb4O24Sr8": 0.12927793955083228, "Ba8Ir4La4O24": 0.9989814848941433, "Ca8Co4O24Ta4": 0.5512918254776977, "Cu4O24Os4Sr8": 0.8519750134225977, "Ba8Nb4O24Sc4": 0.7249226715930625, "Ga4O24Sr8Ta4": 0.02157814454454172, "La8Mn4O24Zn4": 0.04148265222851183, "Ca8Mo4O24V4": 0.04921404085415018, "Cr4O24Ru4Sr8": 0.0012384322105994108, "Fe4La8O24Rh4": 0.31843816925458096, "Ba8O24Sb4Tl4": 0.5143696026457573, "Cu4Nd8O24Sn4": 1.1443518873009593e-06, "Ba8Bi4Ce4O24": 0.0003545547125327357, "Ir4Mg4O24Pr8": 0.7492967165274445, "Ir4O24Sr8Zn4": 0.1422719733291853, "Ni4O24Sr8U4": 0.9154910329733572, "Ba8Fe4Nb4O24": 0.39936447496725946, "Ba8O24Re4Y4": 0.9993058707210488, "Mo4O24Sr8V4": 0.09568041246750206, "Ba8Fe4Mn4O24": 0.0033718358148516745, "Ir4La8O24Zn4": 0.6384417520124298}