{"Ba8O24Re4Y4": 0.9998495629736966, "O24Pb8Sb4Sc4": 0.0436702655311587, "Fe4O24Sr8Ta4": 0.40489515131589593, "La8Mg4O24Sn4": 0.30111022848036795, "Ba8Ga4Nb4O24": 0.5637232579349591, "Ga4La8O24Ru4": 0.05346935603212802, "Cu4O24Pr8Sn4": 0.0012201580840212351, "Al4Ca8Nb4O24": 0.1730641376216389, "Ir4O24Sr8Zn4": 0.9610359954556166, "Ga4O24Sr8Ta4": 0.40085149880849125, "La8Ni4O24Pt4": 0.20008130971371818, "Ca8In4O24Sb4": 0.1950822273502128, "Fe4La8Ni4O24": 0.06530054045497136, "Ba8Nb4O24Y4": 0.47556757718109943, "Cu4La8O24Ru4": 0.14539358000887653, "O24Sr8U4Zn4": 0.5794183222212436, "Co4Ni4O24Sr8": 0.06504751191635823, "Ca8Cr4O24Ta4": 0.15097567635200818, "Ga4Mn4Nd8O24": 0.054654296572715255, "Mn4O24Pr8Ti4": 0.004630404162496704, "Ni4O24Pb8Re4": 0.9258925360561783, "Co4O24Sr8Ta4": 0.601978375241633, "Mn4O24Sr8Te4": 0.35661953421049764, "Ca8Fe4Mn4O24": 0.0500665648491057, "Ca8Cr4Mo4O24": 0.5418549793192035, "La8Mn4O24Zn4": 0.07766493215299566, "Ba8Fe4Mn4O24": 0.02729706704153579, "Cu4Nd8O24Sn4": 0.0022028503369408274, "O24Sr8Ti4Zr4": 0.04275616937641985, "Ba8Bi4Ce4O24": 0.07512669486566917, "Ir4Mg4O24Pr8": 0.9581549055769617, "La8Ni4O24Ru4": 0.15785479930881552, "La4O24Sb4Sr8": 0.1015669747126217, "Mn4O24Sr8U4": 0.1366083554302056, "Fe4La8O24Rh4": 0.11335018099497544, "Ca8Mn4O24Ta4": 0.145418263220005, "Co4Nd8O24Pt4": 0.084373129125519, "Ca8Co4Fe4O24": 0.035710975619530655, "Mn4O24Rh4Sm8": 0.0814664208293487, "Ba8Mn4O24Re4": 0.9988624035514522, "Ca8Cr4Nb4O24": 0.07650521434504275, "Ba8Nb4O24V4": 0.05046971637789529, "Mn4Nd8O24Rh4": 0.10252250630311531, "Cr4Ni4O24Sr8": 0.1759880363500725, "Cr4Mn4O24Pr8": 0.02097623568043244, "Cr4La8Mn4O24": 0.008098451264541494, "Ba8Mn4O24Ta4": 0.3845950037779758, "Ba8O24Sb4Tl4": 0.05077419429088564, "Mg4O24Re4Sr8": 0.9999999979193797, "Ca8Cr4Ni4O24": 0.037223115656954686, "La8Mn4O24Ru4": 0.04704621424239621, "Mn4Ni4O24Tb8": 0.09931853955954457, "Ba8Ir4O24Sc4": 0.2182749755149911, "Co4Lu8Mn4O24": 0.02623038806442787, "Ca8O24Ta4Y4": 0.2908509511938264, "Cu4La8O24Rh4": 0.05093486132656768, "Hf4La8Mg4O24": 0.6040053612557523, "Ga4La8Ni4O24": 0.08912984797666426, "Ba8Co4Mo4O24": 0.9802997395910922, "Mo4O24Sr8Zn4": 0.9996037589558864, "Ca8Co4O24Ta4": 0.5163951845344635, "Mn4O24Pr8Rh4": 0.042430473217587035, "Cr4O24Ru4Sr8": 0.05737043693361458, "Ca8Ir4Mn4O24": 0.3146342909659112, "Ba8Fe4O24Ta4": 0.4702932185360858, "Cr4La8Ni4O24": 0.0659328619697658, "Mn4Ni4O24Pr8": 0.15638571056227693, "Ba8Ga4O24Ta4": 0.7715553943796399, "Cu4O24Os4Sr8": 0.9887540970318176, "Ca8Nb4O24V4": 0.11097971068029024, "Cu4Mn4O24Sm8": 0.07176778413097024, "Ba8Fe4Nb4O24": 0.36890180692357305, "Mn4Ni4O24Sm8": 0.14734789312457924, "Nb4O24Sr8Y4": 0.7266373747724459, "Ga4Nb4O24Sr8": 0.3703654846987093, "Ca8Mo4O24V4": 0.34512529837101746, "Ir4Mg4O24Sm8": 0.940915739104625, "Mo4O24Sr8V4": 0.3849857160703206, "In4O24Sr8Ta4": 0.8399512023069368, "Ba8Ir4La4O24": 0.1540045243639458, "La8Mn4O24Ti4": 0.024428767916478904, "Ca8Mn4O24Sb4": 0.06244980572016118, "Ba8La4O24Ru4": 0.12167194038852844, "O24Sc4Sr8Ta4": 0.8451939440698767, "Cr4Fe4La8O24": 0.03586203251479776, "O24Ru4Sr8Y4": 0.6130728252308886, "Ca8O24Ru4Ti4": 0.2427689697896946, "La8O24Ru4Zn4": 0.14873520571065169, "Nb4O24Sc4Sr8": 0.7032797481465954, "Cu4O24Pr8Ti4": 0.05449673683824517, "O24Rh4Sr8Ta4": 0.36011676849954777, "Ir4La8O24Zn4": 0.4373793219900551, "Ba8Nb4O24Sc4": 0.3099892180215903, "O24Ru4Sr8Ti4": 0.15663052266078234, "La8Mn4O24V4": 0.0552812133121456, "Ni4O24Sr8U4": 0.9663014061094534, "O24Sb4Sc4Sr8": 0.2868013857641655, "Ir4O24Sc4Sr8": 0.9763478641028714, "Ba8Ni4O24U4": 0.9705793070493137, "Mn4O24Sr8Ta4": 0.06569034250090168}