{"Ba8Mn4O24Ta4": 0.16599134844341618, "Ca8Co4Fe4O24": 2.372177556199106e-06, "Mn4O24Sr8U4": 0.9994912425936396, "Ga4Nb4O24Sr8": 0.9454875959570789, "Ba8O24Sb4Tl4": 0.9734706133472643, "Hf4La8Mg4O24": 0.06626453544426729, "Co4Ni4O24Sr8": 0.4826069370579624, "La8Mg4O24Sn4": 0.006762148179158849, "Mn4O24Pr8Ti4": 0.912552645565953, "Ga4La8Ni4O24": 1.910525345993292e-07, "O24Sc4Sr8Ta4": 0.9896340770205337, "Mn4Ni4O24Pr8": 0.17163366687304135, "O24Rh4Sr8Ta4": 0.9585282327438291, "La4O24Sb4Sr8": 0.9999995852119643, "In4O24Sr8Ta4": 0.9889561314892686, "O24Ru4Sr8Y4": 0.9976939238143783, "Ir4O24Sr8Zn4": 0.9999398980060024, "Ca8Cr4O24Ta4": 0.0022744135807247212, "Ba8Fe4Nb4O24": 0.8522660989246391, "Cr4O24Ru4Sr8": 0.4614741215638182, "Mn4Ni4O24Sm8": 0.629350029875915, "Mn4O24Rh4Sm8": 0.4486634579965853, "O24Ru4Sr8Ti4": 0.256196589951011, "La8Mn4O24Ti4": 0.9944482253545003, "Ca8Cr4Nb4O24": 0.9935385103042212, "Ca8Nb4O24V4": 0.9950900274241309, "Cu4O24Os4Sr8": 0.9663113601856077, "Ba8O24Re4Y4": 0.9999821387082526, "Co4Nd8O24Pt4": 0.8208094250801782, "Ir4Mg4O24Sm8": 2.565828834949414e-10, "Ba8Nb4O24Y4": 0.9989412512040696, "Ca8Fe4Mn4O24": 0.061535516747046354, "La8Ni4O24Ru4": 0.09171886951490389, "O24Pb8Sb4Sc4": 0.990210644330008, "Ba8Bi4Ce4O24": 0.14674425374240788, "La8O24Ru4Zn4": 0.0023470046066894268, "Ca8O24Ru4Ti4": 4.002803298657507e-06, "Ca8O24Ta4Y4": 0.9997227152124046, "Cu4O24Pr8Sn4": 2.799455807797377e-05, "Mn4O24Sr8Te4": 0.9999997777859227, "Mn4O24Pr8Rh4": 0.0005751181115833886, "Nb4O24Sc4Sr8": 0.9632157579327504, "Ni4O24Sr8U4": 0.9999085199670519, "Ba8Ni4O24U4": 0.9999982667142149, "Ga4La8O24Ru4": 0.004648332391462049, "Co4Lu8Mn4O24": 2.156205596953096e-12, "Mo4O24Sr8V4": 0.18891172804635534, "Cu4Nd8O24Sn4": 0.0008405098344825265, "Ca8Ir4Mn4O24": 0.8194127826722515, "Ba8Ir4La4O24": 0.9999996843049495, "Ir4La8O24Zn4": 3.627469056388639e-07, "Nb4O24Sr8Y4": 0.2736476383726977, "Cr4Ni4O24Sr8": 0.0007638507205505181, "Ca8Mn4O24Ta4": 0.001040285040807386, "Cr4La8Ni4O24": 0.3469143436707888, "Cr4La8Mn4O24": 2.2129076819316314e-05, "Ca8Mn4O24Sb4": 0.6161858964184069, "Ba8Ga4Nb4O24": 0.9662528088952699, "Ir4Mg4O24Pr8": 5.44438416410783e-06, "La8Mn4O24Ru4": 7.077431618818032e-05, "Cr4Mn4O24Pr8": 0.0203413387587217, "Ba8Ir4O24Sc4": 0.9999910065453178, "O24Sr8Ti4Zr4": 0.1656491762366698, "Ba8Nb4O24Sc4": 0.9689924787316091, "Ba8Co4Mo4O24": 0.9981082817319004, "Ba8La4O24Ru4": 0.9999997189535549, "Ca8Co4O24Ta4": 0.2538796226637673, "Ga4O24Sr8Ta4": 0.9873976156401973, "La8Mn4O24Zn4": 0.009460938557851645, "Ca8In4O24Sb4": 0.28563905140715373, "Ga4Mn4Nd8O24": 0.04651258909795131, "Ir4O24Sc4Sr8": 0.9994547104975969, "O24Sb4Sc4Sr8": 0.9998774007066367, "Cu4La8O24Rh4": 0.09297365536337722, "Mo4O24Sr8Zn4": 0.9999527683253787, "Al4Ca8Nb4O24": 0.9975455931458586, "Cu4O24Pr8Ti4": 0.8421299975198149, "O24Sr8U4Zn4": 0.9999471931906363, "Cu4Mn4O24Sm8": 0.003543327214877943, "Cr4Fe4La8O24": 0.3691801500162015, "Ba8Fe4O24Ta4": 0.8334165825229013, "Co4O24Sr8Ta4": 0.11738034850426596, "Ba8Nb4O24V4": 0.8845568739470215, "La8Mn4O24V4": 0.9425572810185026, "Fe4La8O24Rh4": 0.8753883081617492, "Mg4O24Re4Sr8": 0.9999999766855231, "Ni4O24Pb8Re4": 0.8940310002859964, "Ba8Fe4Mn4O24": 0.24694048553417325, "Mn4Ni4O24Tb8": 4.5664156278228406e-09, "Cu4La8O24Ru4": 0.3410690651886879, "Ca8Cr4Mo4O24": 0.8954692248304666, "La8Ni4O24Pt4": 0.9995310136826494, "Fe4La8Ni4O24": 0.055572256536564967, "Ca8Mo4O24V4": 0.06056932312935316, "Ba8Ga4O24Ta4": 0.9769973798577053, "Ba8Mn4O24Re4": 0.9999993097477816, "Ca8Cr4Ni4O24": 5.064832543758742e-05, "Fe4O24Sr8Ta4": 0.9149674476253674, "Mn4O24Sr8Ta4": 0.2110687027261467, "Mn4Nd8O24Rh4": 0.06947249963743826}